{"train_loss": 4.051325798034668, "_timestamp": 1689814630.321398, "_runtime": 50244.051610946655, "_step": 804, "train acc": 0.42394477215047344, "val acc": 0.4457898097613282, "_wandb": {"runtime": 50575}}