{"train_loss": 147.8765106201172, "_timestamp": 1689788563.8746786, "_runtime": 62921.11046767235, "_step": 1008, "train acc": 0.3685675059983196, "val acc": 0.41472994301273486, "_wandb": {"runtime": 62919}}