{"train_loss": 114.38585662841797, "_timestamp": 1689822288.8799574, "_runtime": 6628.294689416885, "_step": 76}