{"train_loss": 20.114839553833008, "_timestamp": 1689711361.2794616, "_runtime": 70166.78098368645, "_step": 1008, "train acc": 0.7419271713050785, "val acc": 0.7642558523391285, "_wandb": {"runtime": 70165}}