{"train_loss": 6.233339786529541, "_timestamp": 1689822277.10507, "_runtime": 7211.744948148727, "_step": 96}