{"train_loss": 4.5278143882751465, "_timestamp": 1689822259.1742582, "_runtime": 57577.909271240234, "_step": 868, "train acc": 0.4509523685783334, "val acc": 0.46894013325140665}