{"train_loss": 155.83282470703125, "_timestamp": 1689822264.158598, "_runtime": 6558.881520986557, "_step": 70}