{"train_loss": 116.61167907714844, "_timestamp": 1689822305.7971802, "_runtime": 6527.416937112808, "_step": 74}