{"train_loss": 19.818994522094727, "_timestamp": 1689649111.9616818, "_runtime": 58980.09840679169, "_step": 1004, "Test acc": [0.9092781228074734, 0.9213563692003711], "_wandb": {"runtime": 58977}}