{"train_loss": 64.8360366821289, "_timestamp": 1689589935.717139, "_runtime": 166.44850611686707, "_step": 1, "_wandb": {"runtime": 194}}