{"train_loss": 13.42531967163086, "_timestamp": 1689620377.4080095, "_runtime": 64021.136887550354, "_step": 1004, "Test acc": [0.8988925846044574, 0.9138203154178867], "_wandb": {"runtime": 64019}}