{"train_loss": 97.68218231201172, "_timestamp": 1689790890.0492666, "_runtime": 65240.61551952362, "_step": 1008, "train acc": 0.7214224462749786, "val acc": 0.7466114866085952, "_wandb": {"runtime": 65238}}