{"train_loss": 15.714151382446289, "_timestamp": 1689713563.3316383, "_runtime": 72367.9122364521, "_step": 1008, "train acc": 0.9076345399267209, "val acc": 0.9204708377007506, "_wandb": {"runtime": 72366}}