{"train_loss": 29.144062042236328, "_timestamp": 1689510291.562208, "_runtime": 28003.13347387314, "_step": 602, "train acc": 0.605971034829232, "_wandb": {"runtime": 28001}}