{"train_loss": 132.9508056640625, "_timestamp": 1689794871.7414834, "_runtime": 69233.3738925457, "_step": 1008, "train acc": 0.8292774298608044, "val acc": 0.8430199636148963, "_wandb": {"runtime": 69231}}