{"train_loss": 23.1560115814209, "_timestamp": 1689764602.993227, "_runtime": 118.4449999332428, "_step": 0, "_wandb": {"runtime": 132}}