{"train_loss": 12.333377838134766, "_timestamp": 1689616137.8366716, "_runtime": 59849.24140763283, "_step": 1004, "test acc": [0.7912086722275639, 0.8144178985795353], "_wandb": {"runtime": 59847}}