{"train_loss": 23.1560115814209, "_timestamp": 1689764553.9138162, "_runtime": 109.41551923751831, "_step": 0, "_wandb": {"runtime": 148}}