{"train_loss": 62.37998962402344, "_timestamp": 1689712924.0091295, "_runtime": 71724.66412258148, "_step": 1008, "train acc": 0.4358374693587645, "val acc": 0.4689762773942483, "_wandb": {"runtime": 71722}}