{"train_loss": 3.8001348972320557, "_timestamp": 1689822270.3425162, "_runtime": 6244.776844263077, "_step": 72}