{"train_loss": 42.60556411743164, "_timestamp": 1689615927.0625122, "_runtime": 59495.84399724007, "_step": 1004, "Test acc": 0.1758806919072491, "_wandb": {"runtime": 59494}}