{"train_loss": 3.8015334606170654, "_timestamp": 1689814994.0769186, "_runtime": 50346.566791534424, "_step": 768, "train acc": 0.42394477215047344, "val acc": 0.4457898097613282, "_wandb": {"runtime": 50359}}