{"train_loss": 31.894622802734375, "_timestamp": 1689822303.5076518, "_runtime": 6883.507559776306, "_step": 80}